Model_A,Model_B,Mean_A,Mean_B,Median_A,Median_B,Std_A,Std_B,Wilcoxon_Stat,Raw_p,Corrected_p,Reject_Null,Better_Model,Significant_Winner
binrushed_fl_finetuned,central_baseline,0.9029724273992621,0.9262806228969408,0.9357455968856812,0.9370294809341431,0.06472227879378993,0.04667014189120673,251.0,0.00120067031704707,0.2773548432378732,False,central_baseline,None
binrushed_fl_finetuned,chaksu_fl_finetuned,0.9029724273992621,0.8749165172162263,0.9357455968856812,0.8861720263957977,0.06472227879378993,0.05906024740644676,328.0,0.01953721914347284,1.0,False,binrushed_fl_finetuned,None
binrushed_fl_finetuned,drishti_fl_finetuned,0.9029724273992621,0.8867605937563855,0.9357455968856812,0.8869589269161224,0.06472227879378993,0.043857221474692724,388.0,0.09705658748382007,1.0,False,binrushed_fl_finetuned,None
binrushed_fl_finetuned,g1020_fl_finetuned,0.9029724273992621,0.8395239347996919,0.9357455968856812,0.8429531753063202,0.06472227879378993,0.0759355690402511,32.0,7.858602657506708e-11,1.8153372138840496e-08,True,binrushed_fl_finetuned,binrushed_fl_finetuned
binrushed_fl_finetuned,globalVal,0.9029724273992621,0.9221102154773214,0.9357455968856812,0.9336167871952056,0.06472227879378993,0.04422829375983384,363.0,0.052547730973884654,1.0,False,globalVal,None
binrushed_fl_finetuned,globalVal_weighted_FedAvg,0.9029724273992621,0.9120625983113828,0.9357455968856812,0.9251941442489624,0.06472227879378993,0.0484224115077987,467.0,0.42871318553767424,1.0,False,globalVal_weighted_FedAvg,None
binrushed_fl_finetuned,magrabi_fl_finetuned,0.9029724273992621,0.918895344371381,0.9357455968856812,0.9274370074272156,0.06472227879378993,0.04655601869495329,370.0,0.06286926344824906,1.0,False,magrabi_fl_finetuned,None
binrushed_fl_finetuned,messidor_fl_finetuned,0.9029724273992621,0.9290705750817838,0.9357455968856812,0.941362053155899,0.06472227879378993,0.03975015507785288,264.0,0.0020534871747770467,0.4743555373734978,False,messidor_fl_finetuned,None
binrushed_fl_finetuned,origa_fl_finetuned,0.9029724273992621,0.8935710113981495,0.9357455968856812,0.906735599040985,0.06472227879378993,0.05560990711468492,415.0,0.17366315869369942,1.0,False,binrushed_fl_finetuned,None
binrushed_fl_finetuned,refuge_fl_finetuned,0.9029724273992621,0.8847716152667999,0.9357455968856812,0.9001907706260681,0.06472227879378993,0.06030738103648134,281.0,0.003970228367791151,0.9171227529597559,False,binrushed_fl_finetuned,None
binrushed_fl_finetuned,rimone_fl_finetuned,0.9029724273992621,0.8006919168907664,0.9357455968856812,0.8455222547054291,0.06472227879378993,0.11823092791926712,5.0,2.8421709430404007e-13,6.565414878423326e-11,True,binrushed_fl_finetuned,binrushed_fl_finetuned
binrushed_fl_finetuned,sk_binrushed,0.9029724273992621,0.888507771751155,0.9357455968856812,0.9088040292263031,0.06472227879378993,0.060135406571657946,300.0,0.007861180665344136,1.0,False,binrushed_fl_finetuned,None
binrushed_fl_finetuned,sk_chaksu,0.9029724273992621,0.860086176706397,0.9357455968856812,0.8744336068630219,0.06472227879378993,0.05325826961211892,243.0,0.0008503786137055158,0.19643745976597415,False,binrushed_fl_finetuned,None
binrushed_fl_finetuned,sk_drishti,0.9029724273992621,0.6759476804214976,0.9357455968856812,0.665580689907074,0.06472227879378993,0.10044152618081797,3.0,1.4210854715202004e-13,3.282707439211663e-11,True,binrushed_fl_finetuned,binrushed_fl_finetuned
binrushed_fl_finetuned,sk_g1020,0.9029724273992621,0.8649221023787623,0.9357455968856812,0.8838224112987518,0.06472227879378993,0.07022864809220773,121.0,7.472453660284373e-07,0.000172613679552569,True,binrushed_fl_finetuned,binrushed_fl_finetuned
binrushed_fl_finetuned,sk_magrabi,0.9029724273992621,0.8928083246168883,0.9357455968856812,0.9062725305557251,0.06472227879378993,0.05530864174652234,426.0,0.21514933108693413,1.0,False,binrushed_fl_finetuned,None
binrushed_fl_finetuned,sk_messidor,0.9029724273992621,0.9275075741436171,0.9357455968856812,0.940833479166031,0.06472227879378993,0.03804024225405578,251.0,0.00120067031704707,0.2773548432378732,False,sk_messidor,None
binrushed_fl_finetuned,sk_origa,0.9029724273992621,0.8925439054551332,0.9357455968856812,0.9017060995101929,0.06472227879378993,0.05095620036686623,433.0,0.24494283784835602,1.0,False,binrushed_fl_finetuned,None
binrushed_fl_finetuned,sk_refuge,0.9029724273992621,0.8811288294584855,0.9357455968856812,0.9009238183498383,0.06472227879378993,0.05372905878400706,224.0,0.00035743751428185533,0.08256806579910858,False,binrushed_fl_finetuned,None
binrushed_fl_finetuned,sk_rimone,0.9029724273992621,0.785621214819991,0.9357455968856812,0.827670156955719,0.06472227879378993,0.1337560676391044,17.0,5.8832938520936295e-12,1.3590408798336284e-09,True,binrushed_fl_finetuned,binrushed_fl_finetuned
binrushed_fl_finetuned,unweightedglobalevalwithlocaltraining,0.9029724273992621,0.9172064804512522,0.9357455968856812,0.9293437898159026,0.06472227879378993,0.05099156080796197,360.0,0.04857095556744184,1.0,False,unweightedglobalevalwithlocaltraining,None
central_baseline,chaksu_fl_finetuned,0.9262806228969408,0.8749165172162263,0.9370294809341431,0.8861720263957977,0.04667014189120673,0.05906024740644676,24.0,2.1657342585967854e-11,5.002846137358574e-09,True,central_baseline,central_baseline
central_baseline,drishti_fl_finetuned,0.9262806228969408,0.8867605937563855,0.9370294809341431,0.8869589269161224,0.04667014189120673,0.043857221474692724,98.0,1.1734417171282985e-07,2.7106503665663695e-05,True,central_baseline,central_baseline
central_baseline,g1020_fl_finetuned,0.9262806228969408,0.8395239347996919,0.9370294809341431,0.8429531753063202,0.04667014189120673,0.0759355690402511,23.0,1.8189894035458565e-11,4.2018655221909285e-09,True,central_baseline,central_baseline
central_baseline,globalVal,0.9262806228969408,0.9221102154773214,0.9370294809341431,0.9336167871952056,0.04667014189120673,0.04422829375983384,422.0,0.19932208563912468,1.0,False,central_baseline,None
central_baseline,globalVal_weighted_FedAvg,0.9262806228969408,0.9120625983113828,0.9370294809341431,0.9251941442489624,0.04667014189120673,0.0484224115077987,182.0,4.040029929797129e-05,0.009332469137831367,True,central_baseline,central_baseline
central_baseline,magrabi_fl_finetuned,0.9262806228969408,0.918895344371381,0.9370294809341431,0.9274370074272156,0.04667014189120673,0.04655601869495329,317.0,0.013843877088220324,1.0,False,central_baseline,None
central_baseline,messidor_fl_finetuned,0.9262806228969408,0.9290705750817838,0.9370294809341431,0.941362053155899,0.04667014189120673,0.03975015507785288,515.0,0.7867424679798773,1.0,False,messidor_fl_finetuned,None
central_baseline,origa_fl_finetuned,0.9262806228969408,0.8935710113981495,0.9370294809341431,0.906735599040985,0.04667014189120673,0.05560990711468492,52.0,1.1435190572228748e-09,2.641529022184841e-07,True,central_baseline,central_baseline
central_baseline,refuge_fl_finetuned,0.9262806228969408,0.8847716152667999,0.9370294809341431,0.9001907706260681,0.04667014189120673,0.06030738103648134,62.0,3.6047538287675707e-09,8.326981344453088e-07,True,central_baseline,central_baseline
central_baseline,rimone_fl_finetuned,0.9262806228969408,0.8006919168907664,0.9370294809341431,0.8455222547054291,0.04667014189120673,0.11823092791926712,23.0,1.8189894035458565e-11,4.2018655221909285e-09,True,central_baseline,central_baseline
central_baseline,sk_binrushed,0.9262806228969408,0.888507771751155,0.9370294809341431,0.9088040292263031,0.04667014189120673,0.060135406571657946,39.0,2.15550244320184e-10,4.97921064379625e-08,True,central_baseline,central_baseline
central_baseline,sk_chaksu,0.9262806228969408,0.860086176706397,0.9370294809341431,0.8744336068630219,0.04667014189120673,0.05325826961211892,14.0,3.126388037344441e-12,7.221956366265658e-10,True,central_baseline,central_baseline
central_baseline,sk_drishti,0.9262806228969408,0.6759476804214976,0.9370294809341431,0.665580689907074,0.04667014189120673,0.10044152618081797,1.0,5.684341886080802e-14,1.3130829756846651e-11,True,central_baseline,central_baseline
central_baseline,sk_g1020,0.9262806228969408,0.8649221023787623,0.9370294809341431,0.8838224112987518,0.04667014189120673,0.07022864809220773,26.0,3.0382807381101884e-11,7.018428505034535e-09,True,central_baseline,central_baseline
central_baseline,sk_magrabi,0.9262806228969408,0.8928083246168883,0.9370294809341431,0.9062725305557251,0.04667014189120673,0.05530864174652234,46.0,5.445883743959712e-10,1.2579991448546934e-07,True,central_baseline,central_baseline
central_baseline,sk_messidor,0.9262806228969408,0.9275075741436171,0.9370294809341431,0.940833479166031,0.04667014189120673,0.03804024225405578,518.0,0.8118304674585772,1.0,False,sk_messidor,None
central_baseline,sk_origa,0.9262806228969408,0.8925439054551332,0.9370294809341431,0.9017060995101929,0.04667014189120673,0.05095620036686623,87.0,4.4195957116244244e-08,1.020926609385242e-05,True,central_baseline,central_baseline
central_baseline,sk_refuge,0.9262806228969408,0.8811288294584855,0.9370294809341431,0.9009238183498383,0.04667014189120673,0.05372905878400706,39.0,2.15550244320184e-10,4.97921064379625e-08,True,central_baseline,central_baseline
central_baseline,sk_rimone,0.9262806228969408,0.785621214819991,0.9370294809341431,0.827670156955719,0.04667014189120673,0.1337560676391044,31.0,6.750155989720952e-11,1.55928603362554e-08,True,central_baseline,central_baseline
central_baseline,unweightedglobalevalwithlocaltraining,0.9262806228969408,0.9172064804512522,0.9370294809341431,0.9293437898159026,0.04667014189120673,0.05099156080796197,279.0,0.003682807848832681,0.8507286130803493,False,central_baseline,None
chaksu_fl_finetuned,drishti_fl_finetuned,0.8749165172162263,0.8867605937563855,0.8861720263957977,0.8869589269161224,0.05906024740644676,0.043857221474692724,372.0,0.06610237920915552,1.0,False,drishti_fl_finetuned,None
chaksu_fl_finetuned,g1020_fl_finetuned,0.8749165172162263,0.8395239347996919,0.8861720263957977,0.8429531753063202,0.05906024740644676,0.0759355690402511,296.0,0.0068391683384732005,1.0,False,chaksu_fl_finetuned,None
chaksu_fl_finetuned,globalVal,0.8749165172162263,0.9221102154773214,0.8861720263957977,0.9336167871952056,0.05906024740644676,0.04422829375983384,10.0,1.2221335055073723e-12,2.82312839772203e-10,True,globalVal,globalVal
chaksu_fl_finetuned,globalVal_weighted_FedAvg,0.8749165172162263,0.9120625983113828,0.8861720263957977,0.9251941442489624,0.05906024740644676,0.0484224115077987,52.0,1.1435190572228748e-09,2.641529022184841e-07,True,globalVal_weighted_FedAvg,globalVal_weighted_FedAvg
chaksu_fl_finetuned,magrabi_fl_finetuned,0.8749165172162263,0.918895344371381,0.8861720263957977,0.9274370074272156,0.05906024740644676,0.04655601869495329,69.0,7.620457154189353e-09,1.7603256026177405e-06,True,magrabi_fl_finetuned,magrabi_fl_finetuned
chaksu_fl_finetuned,messidor_fl_finetuned,0.8749165172162263,0.9290705750817838,0.8861720263957977,0.941362053155899,0.05906024740644676,0.03975015507785288,23.0,1.8189894035458565e-11,4.2018655221909285e-09,True,messidor_fl_finetuned,messidor_fl_finetuned
chaksu_fl_finetuned,origa_fl_finetuned,0.8749165172162263,0.8935710113981495,0.8861720263957977,0.906735599040985,0.05906024740644676,0.05560990711468492,179.0,3.404138394103029e-05,0.007863559690377997,True,origa_fl_finetuned,origa_fl_finetuned
chaksu_fl_finetuned,refuge_fl_finetuned,0.8749165172162263,0.8847716152667999,0.8861720263957977,0.9001907706260681,0.05906024740644676,0.06030738103648134,446.0,0.30752623881096497,1.0,False,refuge_fl_finetuned,None
chaksu_fl_finetuned,rimone_fl_finetuned,0.8749165172162263,0.8006919168907664,0.8861720263957977,0.8455222547054291,0.05906024740644676,0.11823092791926712,199.0,0.00010234933148467462,0.023642695572959838,True,chaksu_fl_finetuned,chaksu_fl_finetuned
chaksu_fl_finetuned,sk_binrushed,0.8749165172162263,0.888507771751155,0.8861720263957977,0.9088040292263031,0.05906024740644676,0.060135406571657946,380.0,0.08040003593379197,1.0,False,sk_binrushed,None
chaksu_fl_finetuned,sk_chaksu,0.8749165172162263,0.860086176706397,0.8861720263957977,0.8744336068630219,0.05906024740644676,0.05325826961211892,192.0,7.03757525286619e-05,0.0162567988341209,True,chaksu_fl_finetuned,chaksu_fl_finetuned
chaksu_fl_finetuned,sk_drishti,0.8749165172162263,0.6759476804214976,0.8861720263957977,0.665580689907074,0.05906024740644676,0.10044152618081797,5.0,2.8421709430404007e-13,6.565414878423326e-11,True,chaksu_fl_finetuned,chaksu_fl_finetuned
chaksu_fl_finetuned,sk_g1020,0.8749165172162263,0.8649221023787623,0.8861720263957977,0.8838224112987518,0.05906024740644676,0.07022864809220773,467.0,0.42871318553767424,1.0,False,chaksu_fl_finetuned,None
chaksu_fl_finetuned,sk_magrabi,0.8749165172162263,0.8928083246168883,0.8861720263957977,0.9062725305557251,0.05906024740644676,0.05530864174652234,281.0,0.003970228367791151,0.9171227529597559,False,sk_magrabi,None
chaksu_fl_finetuned,sk_messidor,0.8749165172162263,0.9275075741436171,0.8861720263957977,0.940833479166031,0.05906024740644676,0.03804024225405578,39.0,2.15550244320184e-10,4.97921064379625e-08,True,sk_messidor,sk_messidor
chaksu_fl_finetuned,sk_origa,0.8749165172162263,0.8925439054551332,0.8861720263957977,0.9017060995101929,0.05906024740644676,0.05095620036686623,233.0,0.0005435142156500206,0.12555178381515475,False,sk_origa,None
chaksu_fl_finetuned,sk_refuge,0.8749165172162263,0.8811288294584855,0.8861720263957977,0.9009238183498383,0.05906024740644676,0.05372905878400706,483.0,0.536937627001123,1.0,False,sk_refuge,None
chaksu_fl_finetuned,sk_rimone,0.8749165172162263,0.785621214819991,0.8861720263957977,0.827670156955719,0.05906024740644676,0.1337560676391044,185.0,4.784045694350425e-05,0.011051145553949482,True,chaksu_fl_finetuned,chaksu_fl_finetuned
chaksu_fl_finetuned,unweightedglobalevalwithlocaltraining,0.8749165172162263,0.9172064804512522,0.8861720263957977,0.9293437898159026,0.05906024740644676,0.05099156080796197,96.0,9.873173212326947e-08,2.2807030120475247e-05,True,unweightedglobalevalwithlocaltraining,unweightedglobalevalwithlocaltraining
drishti_fl_finetuned,g1020_fl_finetuned,0.8867605937563855,0.8395239347996919,0.8869589269161224,0.8429531753063202,0.043857221474692724,0.0759355690402511,239.0,0.000712556925861918,0.16460064987410306,False,drishti_fl_finetuned,None
drishti_fl_finetuned,globalVal,0.8867605937563855,0.9221102154773214,0.8869589269161224,0.9336167871952056,0.043857221474692724,0.04422829375983384,57.0,2.0560548819048563e-09,4.749486777200218e-07,True,globalVal,globalVal
drishti_fl_finetuned,globalVal_weighted_FedAvg,0.8867605937563855,0.9120625983113828,0.8869589269161224,0.9251941442489624,0.043857221474692724,0.0484224115077987,182.0,4.040029929797129e-05,0.009332469137831367,True,globalVal_weighted_FedAvg,globalVal_weighted_FedAvg
drishti_fl_finetuned,magrabi_fl_finetuned,0.8867605937563855,0.918895344371381,0.8869589269161224,0.9274370074272156,0.043857221474692724,0.04655601869495329,146.0,4.409591326748341e-06,0.0010186155964788668,True,magrabi_fl_finetuned,magrabi_fl_finetuned
drishti_fl_finetuned,messidor_fl_finetuned,0.8867605937563855,0.9290705750817838,0.8869589269161224,0.941362053155899,0.043857221474692724,0.03975015507785288,54.0,1.4506156276183901e-09,3.350922099798481e-07,True,messidor_fl_finetuned,messidor_fl_finetuned
drishti_fl_finetuned,origa_fl_finetuned,0.8867605937563855,0.8935710113981495,0.8869589269161224,0.906735599040985,0.043857221474692724,0.05560990711468492,431.0,0.23615508595568713,1.0,False,origa_fl_finetuned,None
drishti_fl_finetuned,refuge_fl_finetuned,0.8867605937563855,0.8847716152667999,0.8869589269161224,0.9001907706260681,0.043857221474692724,0.06030738103648134,522.0,0.8455738383649702,1.0,False,drishti_fl_finetuned,None
drishti_fl_finetuned,rimone_fl_finetuned,0.8867605937563855,0.8006919168907664,0.8869589269161224,0.8455222547054291,0.043857221474692724,0.11823092791926712,163.0,1.312907139094932e-05,0.003032815491309293,True,drishti_fl_finetuned,drishti_fl_finetuned
drishti_fl_finetuned,sk_binrushed,0.8867605937563855,0.888507771751155,0.8869589269161224,0.9088040292263031,0.043857221474692724,0.060135406571657946,521.0,0.8371093910336924,1.0,False,sk_binrushed,None
drishti_fl_finetuned,sk_chaksu,0.8867605937563855,0.860086176706397,0.8869589269161224,0.8744336068630219,0.043857221474692724,0.05325826961211892,200.0,0.00010787684473712034,0.024919551134274798,True,drishti_fl_finetuned,drishti_fl_finetuned
drishti_fl_finetuned,sk_drishti,0.8867605937563855,0.6759476804214976,0.8869589269161224,0.665580689907074,0.043857221474692724,0.10044152618081797,1.0,5.684341886080802e-14,1.3130829756846651e-11,True,drishti_fl_finetuned,drishti_fl_finetuned
drishti_fl_finetuned,sk_g1020,0.8867605937563855,0.8649221023787623,0.8869589269161224,0.8838224112987518,0.043857221474692724,0.07022864809220773,373.0,0.0677685417830105,1.0,False,drishti_fl_finetuned,None
drishti_fl_finetuned,sk_magrabi,0.8867605937563855,0.8928083246168883,0.8869589269161224,0.9062725305557251,0.043857221474692724,0.05530864174652234,449.0,0.323324561088441,1.0,False,sk_magrabi,None
drishti_fl_finetuned,sk_messidor,0.8867605937563855,0.9275075741436171,0.8869589269161224,0.940833479166031,0.043857221474692724,0.03804024225405578,82.0,2.771207618934568e-08,6.401489599738852e-06,True,sk_messidor,sk_messidor
drishti_fl_finetuned,sk_origa,0.8867605937563855,0.8925439054551332,0.8869589269161224,0.9017060995101929,0.043857221474692724,0.05095620036686623,462.0,0.3976395572803426,1.0,False,sk_origa,None
drishti_fl_finetuned,sk_refuge,0.8867605937563855,0.8811288294584855,0.8869589269161224,0.9009238183498383,0.043857221474692724,0.05372905878400706,494.0,0.618427941580137,1.0,False,drishti_fl_finetuned,None
drishti_fl_finetuned,sk_rimone,0.8867605937563855,0.785621214819991,0.8869589269161224,0.827670156955719,0.043857221474692724,0.1337560676391044,164.0,1.3962768605324527e-05,0.0032253995478299657,True,drishti_fl_finetuned,drishti_fl_finetuned
drishti_fl_finetuned,unweightedglobalevalwithlocaltraining,0.8867605937563855,0.9172064804512522,0.8869589269161224,0.9293437898159026,0.043857221474692724,0.05099156080796197,196.0,8.729077714519917e-05,0.02016416952054101,True,unweightedglobalevalwithlocaltraining,unweightedglobalevalwithlocaltraining
g1020_fl_finetuned,globalVal,0.8395239347996919,0.9221102154773214,0.8429531753063202,0.9336167871952056,0.0759355690402511,0.04422829375983384,56.0,1.8322623418498551e-09,4.2325260096731654e-07,True,globalVal,globalVal
g1020_fl_finetuned,globalVal_weighted_FedAvg,0.8395239347996919,0.9120625983113828,0.8429531753063202,0.9251941442489624,0.0759355690402511,0.0484224115077987,69.0,7.620457154189353e-09,1.7603256026177405e-06,True,globalVal_weighted_FedAvg,globalVal_weighted_FedAvg
g1020_fl_finetuned,magrabi_fl_finetuned,0.8395239347996919,0.918895344371381,0.8429531753063202,0.9274370074272156,0.0759355690402511,0.04655601869495329,28.0,4.214939508528914e-11,9.736510264701792e-09,True,magrabi_fl_finetuned,magrabi_fl_finetuned
g1020_fl_finetuned,messidor_fl_finetuned,0.8395239347996919,0.9290705750817838,0.8429531753063202,0.941362053155899,0.0759355690402511,0.03975015507785288,34.0,1.0587086762825493e-10,2.4456170422126888e-08,True,messidor_fl_finetuned,messidor_fl_finetuned
g1020_fl_finetuned,origa_fl_finetuned,0.8395239347996919,0.8935710113981495,0.8429531753063202,0.906735599040985,0.0759355690402511,0.05560990711468492,142.0,3.367552523059203e-06,0.0007779046328266759,True,origa_fl_finetuned,origa_fl_finetuned
g1020_fl_finetuned,refuge_fl_finetuned,0.8395239347996919,0.8847716152667999,0.8429531753063202,0.9001907706260681,0.0759355690402511,0.06030738103648134,70.0,8.452843758277595e-09,1.9526069081621245e-06,True,refuge_fl_finetuned,refuge_fl_finetuned
g1020_fl_finetuned,rimone_fl_finetuned,0.8395239347996919,0.8006919168907664,0.8429531753063202,0.8455222547054291,0.0759355690402511,0.11823092791926712,348.0,0.035057676367273416,1.0,False,g1020_fl_finetuned,None
g1020_fl_finetuned,sk_binrushed,0.8395239347996919,0.888507771751155,0.8429531753063202,0.9088040292263031,0.0759355690402511,0.060135406571657946,136.0,2.2253792053561483e-06,0.0005140625964372703,True,sk_binrushed,sk_binrushed
g1020_fl_finetuned,sk_chaksu,0.8395239347996919,0.860086176706397,0.8429531753063202,0.8744336068630219,0.0759355690402511,0.05325826961211892,413.0,0.16679728053830445,1.0,False,sk_chaksu,None
g1020_fl_finetuned,sk_drishti,0.8395239347996919,0.6759476804214976,0.8429531753063202,0.665580689907074,0.0759355690402511,0.10044152618081797,52.0,1.1435190572228748e-09,2.641529022184841e-07,True,g1020_fl_finetuned,g1020_fl_finetuned
g1020_fl_finetuned,sk_g1020,0.8395239347996919,0.8649221023787623,0.8429531753063202,0.8838224112987518,0.0759355690402511,0.07022864809220773,172.0,2.2625565577527595e-05,0.0052265056484088745,True,sk_g1020,sk_g1020
g1020_fl_finetuned,sk_magrabi,0.8395239347996919,0.8928083246168883,0.8429531753063202,0.9062725305557251,0.0759355690402511,0.05530864174652234,156.0,8.464954419196147e-06,0.00195540447083431,True,sk_magrabi,sk_magrabi
g1020_fl_finetuned,sk_messidor,0.8395239347996919,0.9275075741436171,0.8429531753063202,0.940833479166031,0.0759355690402511,0.03804024225405578,12.0,1.9895196601282805e-12,4.595790414896328e-10,True,sk_messidor,sk_messidor
g1020_fl_finetuned,sk_origa,0.8395239347996919,0.8925439054551332,0.8429531753063202,0.9017060995101929,0.0759355690402511,0.05095620036686623,181.0,3.816808742840294e-05,0.00881682819596108,True,sk_origa,sk_origa
g1020_fl_finetuned,sk_refuge,0.8395239347996919,0.8811288294584855,0.8429531753063202,0.9009238183498383,0.0759355690402511,0.05372905878400706,114.0,4.3593365717242705e-07,0.00010070067480683065,True,sk_refuge,sk_refuge
g1020_fl_finetuned,sk_rimone,0.8395239347996919,0.785621214819991,0.8429531753063202,0.827670156955719,0.0759355690402511,0.1337560676391044,253.0,0.0013064878837667493,0.3017987011501191,False,g1020_fl_finetuned,None
g1020_fl_finetuned,unweightedglobalevalwithlocaltraining,0.8395239347996919,0.9172064804512522,0.8429531753063202,0.9293437898159026,0.0759355690402511,0.05099156080796197,18.0,7.190692485892214e-12,1.6610499642411014e-09,True,unweightedglobalevalwithlocaltraining,unweightedglobalevalwithlocaltraining
globalVal,globalVal_weighted_FedAvg,0.9221102154773214,0.9120625983113828,0.9336167871952056,0.9251941442489624,0.04422829375983384,0.0484224115077987,122.0,8.057479874423734e-07,0.00018612778509918826,True,globalVal,globalVal
globalVal,magrabi_fl_finetuned,0.9221102154773214,0.918895344371381,0.9336167871952056,0.9274370074272156,0.04422829375983384,0.04655601869495329,421.0,0.19549903275319025,1.0,False,globalVal,None
globalVal,messidor_fl_finetuned,0.9221102154773214,0.9290705750817838,0.9336167871952056,0.941362053155899,0.04422829375983384,0.03975015507785288,345.0,0.032221349952692435,1.0,False,messidor_fl_finetuned,None
globalVal,origa_fl_finetuned,0.9221102154773214,0.8935710113981495,0.9336167871952056,0.906735599040985,0.04422829375983384,0.05560990711468492,63.0,4.021956101496471e-09,9.290718594456848e-07,True,globalVal,globalVal
globalVal,refuge_fl_finetuned,0.9221102154773214,0.8847716152667999,0.9336167871952056,0.9001907706260681,0.04422829375983384,0.06030738103648134,125.0,1.0078518641876144e-06,0.00023281378062733893,True,globalVal,globalVal
globalVal,rimone_fl_finetuned,0.9221102154773214,0.8006919168907664,0.9336167871952056,0.8455222547054291,0.04422829375983384,0.11823092791926712,42.0,3.235243184462888e-10,7.473411756109272e-08,True,globalVal,globalVal
globalVal,sk_binrushed,0.9221102154773214,0.888507771751155,0.9336167871952056,0.9088040292263031,0.04422829375983384,0.060135406571657946,114.0,4.3593365717242705e-07,0.00010070067480683065,True,globalVal,globalVal
globalVal,sk_chaksu,0.9221102154773214,0.860086176706397,0.9336167871952056,0.8744336068630219,0.04422829375983384,0.05325826961211892,10.0,1.2221335055073723e-12,2.82312839772203e-10,True,globalVal,globalVal
globalVal,sk_drishti,0.9221102154773214,0.6759476804214976,0.9336167871952056,0.665580689907074,0.04422829375983384,0.10044152618081797,0.0,2.842170943040401e-14,6.565414878423326e-12,True,globalVal,globalVal
globalVal,sk_g1020,0.9221102154773214,0.8649221023787623,0.9336167871952056,0.8838224112987518,0.04422829375983384,0.07022864809220773,61.0,3.2279672268487047e-09,7.456604294020508e-07,True,globalVal,globalVal
globalVal,sk_magrabi,0.9221102154773214,0.8928083246168883,0.9336167871952056,0.9062725305557251,0.04422829375983384,0.05530864174652234,48.0,7.00822511134902e-10,1.6189000007216237e-07,True,globalVal,globalVal
globalVal,sk_messidor,0.9221102154773214,0.9275075741436171,0.9336167871952056,0.940833479166031,0.04422829375983384,0.03804024225405578,422.0,0.19932208563912468,1.0,False,sk_messidor,None
globalVal,sk_origa,0.9221102154773214,0.8925439054551332,0.9336167871952056,0.9017060995101929,0.04422829375983384,0.05095620036686623,84.0,3.346190169395413e-08,7.729699291303405e-06,True,globalVal,globalVal
globalVal,sk_refuge,0.9221102154773214,0.8811288294584855,0.9336167871952056,0.9009238183498383,0.04422829375983384,0.05372905878400706,88.0,4.843332135351375e-08,1.1188097232661676e-05,True,globalVal,globalVal
globalVal,sk_rimone,0.9221102154773214,0.785621214819991,0.9336167871952056,0.827670156955719,0.04422829375983384,0.1337560676391044,46.0,5.445883743959712e-10,1.2579991448546934e-07,True,globalVal,globalVal
globalVal,unweightedglobalevalwithlocaltraining,0.9221102154773214,0.9172064804512522,0.9336167871952056,0.9293437898159026,0.04422829375983384,0.05099156080796197,425.0,0.21111175977705443,1.0,False,globalVal,None
globalVal_weighted_FedAvg,magrabi_fl_finetuned,0.9120625983113828,0.918895344371381,0.9251941442489624,0.9274370074272156,0.0484224115077987,0.04655601869495329,371.0,0.06446943740272104,1.0,False,magrabi_fl_finetuned,None
globalVal_weighted_FedAvg,messidor_fl_finetuned,0.9120625983113828,0.9290705750817838,0.9251941442489624,0.941362053155899,0.0484224115077987,0.03975015507785288,150.0,5.744885555714063e-06,0.0013270685633699486,True,messidor_fl_finetuned,messidor_fl_finetuned
globalVal_weighted_FedAvg,origa_fl_finetuned,0.9120625983113828,0.8935710113981495,0.9251941442489624,0.906735599040985,0.0484224115077987,0.05560990711468492,176.0,2.8618401898938828e-05,0.006610850838654869,True,globalVal_weighted_FedAvg,globalVal_weighted_FedAvg
globalVal_weighted_FedAvg,refuge_fl_finetuned,0.9120625983113828,0.8847716152667999,0.9251941442489624,0.9001907706260681,0.0484224115077987,0.06030738103648134,205.0,0.00013986220247375059,0.032308168771436385,True,globalVal_weighted_FedAvg,globalVal_weighted_FedAvg
globalVal_weighted_FedAvg,rimone_fl_finetuned,0.9120625983113828,0.8006919168907664,0.9251941442489624,0.8455222547054291,0.0484224115077987,0.11823092791926712,51.0,1.0135750017070677e-09,2.3413582539433264e-07,True,globalVal_weighted_FedAvg,globalVal_weighted_FedAvg
globalVal_weighted_FedAvg,sk_binrushed,0.9120625983113828,0.888507771751155,0.9251941442489624,0.9088040292263031,0.0484224115077987,0.060135406571657946,194.0,7.841444559630872e-05,0.018113736932747315,True,globalVal_weighted_FedAvg,globalVal_weighted_FedAvg
globalVal_weighted_FedAvg,sk_chaksu,0.9120625983113828,0.860086176706397,0.9251941442489624,0.8744336068630219,0.0484224115077987,0.05325826961211892,41.0,2.829949607985327e-10,6.537183594446105e-08,True,globalVal_weighted_FedAvg,globalVal_weighted_FedAvg
globalVal_weighted_FedAvg,sk_drishti,0.9120625983113828,0.6759476804214976,0.9251941442489624,0.665580689907074,0.0484224115077987,0.10044152618081797,3.0,1.4210854715202004e-13,3.282707439211663e-11,True,globalVal_weighted_FedAvg,globalVal_weighted_FedAvg
globalVal_weighted_FedAvg,sk_g1020,0.9120625983113828,0.8649221023787623,0.9251941442489624,0.8838224112987518,0.0484224115077987,0.07022864809220773,84.0,3.346190169395413e-08,7.729699291303405e-06,True,globalVal_weighted_FedAvg,globalVal_weighted_FedAvg
globalVal_weighted_FedAvg,sk_magrabi,0.9120625983113828,0.8928083246168883,0.9251941442489624,0.9062725305557251,0.0484224115077987,0.05530864174652234,199.0,0.00010234933148467462,0.023642695572959838,True,globalVal_weighted_FedAvg,globalVal_weighted_FedAvg
globalVal_weighted_FedAvg,sk_messidor,0.9120625983113828,0.9275075741436171,0.9251941442489624,0.940833479166031,0.0484224115077987,0.03804024225405578,181.0,3.816808742840294e-05,0.00881682819596108,True,sk_messidor,sk_messidor
globalVal_weighted_FedAvg,sk_origa,0.9120625983113828,0.8925439054551332,0.9251941442489624,0.9017060995101929,0.0484224115077987,0.05095620036686623,170.0,2.0086002223251853e-05,0.004639866513571178,True,globalVal_weighted_FedAvg,globalVal_weighted_FedAvg
globalVal_weighted_FedAvg,sk_refuge,0.9120625983113828,0.8811288294584855,0.9251941442489624,0.9009238183498383,0.0484224115077987,0.05372905878400706,144.0,3.855989490375578e-06,0.0008907335722767584,True,globalVal_weighted_FedAvg,globalVal_weighted_FedAvg
globalVal_weighted_FedAvg,sk_rimone,0.9120625983113828,0.785621214819991,0.9251941442489624,0.827670156955719,0.0484224115077987,0.1337560676391044,51.0,1.0135750017070677e-09,2.3413582539433264e-07,True,globalVal_weighted_FedAvg,globalVal_weighted_FedAvg
globalVal_weighted_FedAvg,unweightedglobalevalwithlocaltraining,0.9120625983113828,0.9172064804512522,0.9251941442489624,0.9293437898159026,0.0484224115077987,0.05099156080796197,419.0,0.18801157618054276,1.0,False,unweightedglobalevalwithlocaltraining,None
magrabi_fl_finetuned,messidor_fl_finetuned,0.918895344371381,0.9290705750817838,0.9274370074272156,0.941362053155899,0.04655601869495329,0.03975015507785288,292.0,0.005935803350496371,1.0,False,messidor_fl_finetuned,None
magrabi_fl_finetuned,origa_fl_finetuned,0.918895344371381,0.8935710113981495,0.9274370074272156,0.906735599040985,0.04655601869495329,0.05560990711468492,128.0,1.2563519931063638e-06,0.00029021731040757004,True,magrabi_fl_finetuned,magrabi_fl_finetuned
magrabi_fl_finetuned,refuge_fl_finetuned,0.918895344371381,0.8847716152667999,0.9274370074272156,0.9001907706260681,0.04655601869495329,0.06030738103648134,82.0,2.771207618934568e-08,6.401489599738852e-06,True,magrabi_fl_finetuned,magrabi_fl_finetuned
magrabi_fl_finetuned,rimone_fl_finetuned,0.918895344371381,0.8006919168907664,0.9274370074272156,0.8455222547054291,0.04655601869495329,0.11823092791926712,23.0,1.8189894035458565e-11,4.2018655221909285e-09,True,magrabi_fl_finetuned,magrabi_fl_finetuned
magrabi_fl_finetuned,sk_binrushed,0.918895344371381,0.888507771751155,0.9274370074272156,0.9088040292263031,0.04655601869495329,0.060135406571657946,94.0,8.289850939036114e-08,1.9149555669173424e-05,True,magrabi_fl_finetuned,magrabi_fl_finetuned
magrabi_fl_finetuned,sk_chaksu,0.918895344371381,0.860086176706397,0.9274370074272156,0.8744336068630219,0.04655601869495329,0.05325826961211892,53.0,1.2886403055745177e-09,2.976759105877136e-07,True,magrabi_fl_finetuned,magrabi_fl_finetuned
magrabi_fl_finetuned,sk_drishti,0.918895344371381,0.6759476804214976,0.9274370074272156,0.665580689907074,0.04655601869495329,0.10044152618081797,3.0,1.4210854715202004e-13,3.282707439211663e-11,True,magrabi_fl_finetuned,magrabi_fl_finetuned
magrabi_fl_finetuned,sk_g1020,0.918895344371381,0.8649221023787623,0.9274370074272156,0.8838224112987518,0.04655601869495329,0.07022864809220773,26.0,3.0382807381101884e-11,7.018428505034535e-09,True,magrabi_fl_finetuned,magrabi_fl_finetuned
magrabi_fl_finetuned,sk_magrabi,0.918895344371381,0.8928083246168883,0.9274370074272156,0.9062725305557251,0.04655601869495329,0.05530864174652234,126.0,1.0850864384792658e-06,0.0002506549672887104,True,magrabi_fl_finetuned,magrabi_fl_finetuned
magrabi_fl_finetuned,sk_messidor,0.918895344371381,0.9275075741436171,0.9274370074272156,0.940833479166031,0.04655601869495329,0.03804024225405578,335.0,0.02411815633362835,1.0,False,sk_messidor,None
magrabi_fl_finetuned,sk_origa,0.918895344371381,0.8925439054551332,0.9274370074272156,0.9017060995101929,0.04655601869495329,0.05095620036686623,143.0,3.6040891018274124e-06,0.0008325445825221323,True,magrabi_fl_finetuned,magrabi_fl_finetuned
magrabi_fl_finetuned,sk_refuge,0.918895344371381,0.8811288294584855,0.9274370074272156,0.9009238183498383,0.04655601869495329,0.05372905878400706,57.0,2.0560548819048563e-09,4.749486777200218e-07,True,magrabi_fl_finetuned,magrabi_fl_finetuned
magrabi_fl_finetuned,sk_rimone,0.918895344371381,0.785621214819991,0.9274370074272156,0.827670156955719,0.04655601869495329,0.1337560676391044,33.0,9.131895239988808e-11,2.1094678004374146e-08,True,magrabi_fl_finetuned,magrabi_fl_finetuned
magrabi_fl_finetuned,unweightedglobalevalwithlocaltraining,0.918895344371381,0.9172064804512522,0.9274370074272156,0.9293437898159026,0.04655601869495329,0.05099156080796197,508.0,0.72908175368363,1.0,False,magrabi_fl_finetuned,None
messidor_fl_finetuned,origa_fl_finetuned,0.9290705750817838,0.8935710113981495,0.941362053155899,0.906735599040985,0.03975015507785288,0.05560990711468492,71.0,9.368875453219516e-09,2.1642102296937082e-06,True,messidor_fl_finetuned,messidor_fl_finetuned
messidor_fl_finetuned,refuge_fl_finetuned,0.9290705750817838,0.8847716152667999,0.941362053155899,0.9001907706260681,0.03975015507785288,0.06030738103648134,74.0,1.2699615581368562e-08,2.9336111992961378e-06,True,messidor_fl_finetuned,messidor_fl_finetuned
messidor_fl_finetuned,rimone_fl_finetuned,0.9290705750817838,0.8006919168907664,0.941362053155899,0.8455222547054291,0.03975015507785288,0.11823092791926712,24.0,2.1657342585967854e-11,5.002846137358574e-09,True,messidor_fl_finetuned,messidor_fl_finetuned
messidor_fl_finetuned,sk_binrushed,0.9290705750817838,0.888507771751155,0.941362053155899,0.9088040292263031,0.03975015507785288,0.060135406571657946,44.0,4.2089709495485295e-10,9.722722893457103e-08,True,messidor_fl_finetuned,messidor_fl_finetuned
messidor_fl_finetuned,sk_chaksu,0.9290705750817838,0.860086176706397,0.941362053155899,0.8744336068630219,0.03975015507785288,0.05325826961211892,8.0,7.105427357601002e-13,1.6413537196058314e-10,True,messidor_fl_finetuned,messidor_fl_finetuned
messidor_fl_finetuned,sk_drishti,0.9290705750817838,0.6759476804214976,0.941362053155899,0.665580689907074,0.03975015507785288,0.10044152618081797,0.0,2.842170943040401e-14,6.565414878423326e-12,True,messidor_fl_finetuned,messidor_fl_finetuned
messidor_fl_finetuned,sk_g1020,0.9290705750817838,0.8649221023787623,0.941362053155899,0.8838224112987518,0.03975015507785288,0.07022864809220773,33.0,9.131895239988808e-11,2.1094678004374146e-08,True,messidor_fl_finetuned,messidor_fl_finetuned
messidor_fl_finetuned,sk_magrabi,0.9290705750817838,0.8928083246168883,0.941362053155899,0.9062725305557251,0.03975015507785288,0.05530864174652234,46.0,5.445883743959712e-10,1.2579991448546934e-07,True,messidor_fl_finetuned,messidor_fl_finetuned
messidor_fl_finetuned,sk_messidor,0.9290705750817838,0.9275075741436171,0.941362053155899,0.940833479166031,0.03975015507785288,0.03804024225405578,487.0,0.5659509632054949,1.0,False,messidor_fl_finetuned,None
messidor_fl_finetuned,sk_origa,0.9290705750817838,0.8925439054551332,0.941362053155899,0.9017060995101929,0.03975015507785288,0.05095620036686623,42.0,3.235243184462888e-10,7.473411756109272e-08,True,messidor_fl_finetuned,messidor_fl_finetuned
messidor_fl_finetuned,sk_refuge,0.9290705750817838,0.8811288294584855,0.941362053155899,0.9009238183498383,0.03975015507785288,0.05372905878400706,52.0,1.1435190572228748e-09,2.641529022184841e-07,True,messidor_fl_finetuned,messidor_fl_finetuned
messidor_fl_finetuned,sk_rimone,0.9290705750817838,0.785621214819991,0.941362053155899,0.827670156955719,0.03975015507785288,0.1337560676391044,34.0,1.0587086762825493e-10,2.4456170422126888e-08,True,messidor_fl_finetuned,messidor_fl_finetuned
messidor_fl_finetuned,unweightedglobalevalwithlocaltraining,0.9290705750817838,0.9172064804512522,0.941362053155899,0.9293437898159026,0.03975015507785288,0.05099156080796197,345.0,0.032221349952692435,1.0,False,messidor_fl_finetuned,None
origa_fl_finetuned,refuge_fl_finetuned,0.8935710113981495,0.8847716152667999,0.906735599040985,0.9001907706260681,0.05560990711468492,0.06030738103648134,454.0,0.3507859834074054,1.0,False,origa_fl_finetuned,None
origa_fl_finetuned,rimone_fl_finetuned,0.8935710113981495,0.8006919168907664,0.906735599040985,0.8455222547054291,0.05560990711468492,0.11823092791926712,89.0,5.304613637235889e-08,1.2253657502014903e-05,True,origa_fl_finetuned,origa_fl_finetuned
origa_fl_finetuned,sk_binrushed,0.8935710113981495,0.888507771751155,0.906735599040985,0.9088040292263031,0.05560990711468492,0.060135406571657946,519.0,0.8202367799971455,1.0,False,origa_fl_finetuned,None
origa_fl_finetuned,sk_chaksu,0.8935710113981495,0.860086176706397,0.906735599040985,0.8744336068630219,0.05560990711468492,0.05325826961211892,107.0,2.490951089839655e-07,5.7540970175296025e-05,True,origa_fl_finetuned,origa_fl_finetuned
origa_fl_finetuned,sk_drishti,0.8935710113981495,0.6759476804214976,0.906735599040985,0.665580689907074,0.05560990711468492,0.10044152618081797,2.0,8.526512829121202e-14,1.9696244635269977e-11,True,origa_fl_finetuned,origa_fl_finetuned
origa_fl_finetuned,sk_g1020,0.8935710113981495,0.8649221023787623,0.906735599040985,0.8838224112987518,0.05560990711468492,0.07022864809220773,300.0,0.007861180665344136,1.0,False,origa_fl_finetuned,None
origa_fl_finetuned,sk_magrabi,0.8935710113981495,0.8928083246168883,0.906735599040985,0.9062725305557251,0.05560990711468492,0.05530864174652234,513.0,0.7701352440297171,1.0,False,origa_fl_finetuned,None
origa_fl_finetuned,sk_messidor,0.8935710113981495,0.9275075741436171,0.906735599040985,0.940833479166031,0.05560990711468492,0.03804024225405578,105.0,2.1143097228559782e-07,4.8840554597973096e-05,True,sk_messidor,sk_messidor
origa_fl_finetuned,sk_origa,0.8935710113981495,0.8925439054551332,0.906735599040985,0.9017060995101929,0.05560990711468492,0.05095620036686623,497.0,0.6415382537348648,1.0,False,origa_fl_finetuned,None
origa_fl_finetuned,sk_refuge,0.8935710113981495,0.8811288294584855,0.906735599040985,0.9009238183498383,0.05560990711468492,0.05372905878400706,423.0,0.20319838493384168,1.0,False,origa_fl_finetuned,None
origa_fl_finetuned,sk_rimone,0.8935710113981495,0.785621214819991,0.906735599040985,0.827670156955719,0.05560990711468492,0.1337560676391044,83.0,3.0461023925454356e-08,7.036496526779956e-06,True,origa_fl_finetuned,origa_fl_finetuned
origa_fl_finetuned,unweightedglobalevalwithlocaltraining,0.8935710113981495,0.9172064804512522,0.906735599040985,0.9293437898159026,0.05560990711468492,0.05099156080796197,156.0,8.464954419196147e-06,0.00195540447083431,True,unweightedglobalevalwithlocaltraining,unweightedglobalevalwithlocaltraining
refuge_fl_finetuned,rimone_fl_finetuned,0.8847716152667999,0.8006919168907664,0.9001907706260681,0.8455222547054291,0.06030738103648134,0.11823092791926712,60.0,2.8878730518044904e-09,6.670986749668373e-07,True,refuge_fl_finetuned,refuge_fl_finetuned
refuge_fl_finetuned,sk_binrushed,0.8847716152667999,0.888507771751155,0.9001907706260681,0.9088040292263031,0.06030738103648134,0.060135406571657946,509.0,0.7372359245834161,1.0,False,sk_binrushed,None
refuge_fl_finetuned,sk_chaksu,0.8847716152667999,0.860086176706397,0.9001907706260681,0.8744336068630219,0.06030738103648134,0.05325826961211892,315.0,0.012979965771535262,1.0,False,refuge_fl_finetuned,None
refuge_fl_finetuned,sk_drishti,0.8847716152667999,0.6759476804214976,0.9001907706260681,0.665580689907074,0.06030738103648134,0.10044152618081797,18.0,7.190692485892214e-12,1.6610499642411014e-09,True,refuge_fl_finetuned,refuge_fl_finetuned
refuge_fl_finetuned,sk_g1020,0.8847716152667999,0.8649221023787623,0.9001907706260681,0.8838224112987518,0.06030738103648134,0.07022864809220773,255.0,0.0014206381117674027,0.32816740381827003,False,refuge_fl_finetuned,None
refuge_fl_finetuned,sk_magrabi,0.8847716152667999,0.8928083246168883,0.9001907706260681,0.9062725305557251,0.06030738103648134,0.05530864174652234,448.0,0.31800182473875793,1.0,False,sk_magrabi,None
refuge_fl_finetuned,sk_messidor,0.8847716152667999,0.9275075741436171,0.9001907706260681,0.940833479166031,0.06030738103648134,0.03804024225405578,63.0,4.021956101496471e-09,9.290718594456848e-07,True,sk_messidor,sk_messidor
refuge_fl_finetuned,sk_origa,0.8847716152667999,0.8925439054551332,0.9001907706260681,0.9017060995101929,0.06030738103648134,0.05095620036686623,484.0,0.5441216889665839,1.0,False,sk_origa,None
refuge_fl_finetuned,sk_refuge,0.8847716152667999,0.8811288294584855,0.9001907706260681,0.9009238183498383,0.06030738103648134,0.05372905878400706,414.0,0.17020479268433064,1.0,False,refuge_fl_finetuned,None
refuge_fl_finetuned,sk_rimone,0.8847716152667999,0.785621214819991,0.9001907706260681,0.827670156955719,0.06030738103648134,0.1337560676391044,67.0,6.17882278675097e-09,1.4273080637394742e-06,True,refuge_fl_finetuned,refuge_fl_finetuned
refuge_fl_finetuned,unweightedglobalevalwithlocaltraining,0.8847716152667999,0.9172064804512522,0.9001907706260681,0.9293437898159026,0.06030738103648134,0.05099156080796197,45.0,4.791047558683204e-10,1.10673198605582e-07,True,unweightedglobalevalwithlocaltraining,unweightedglobalevalwithlocaltraining
rimone_fl_finetuned,sk_binrushed,0.8006919168907664,0.888507771751155,0.8455222547054291,0.9088040292263031,0.11823092791926712,0.060135406571657946,85.0,3.673579840324237e-08,8.485969431148987e-06,True,sk_binrushed,sk_binrushed
rimone_fl_finetuned,sk_chaksu,0.8006919168907664,0.860086176706397,0.8455222547054291,0.8744336068630219,0.11823092791926712,0.05325826961211892,281.0,0.003970228367791151,0.9171227529597559,False,sk_chaksu,None
rimone_fl_finetuned,sk_drishti,0.8006919168907664,0.6759476804214976,0.8455222547054291,0.665580689907074,0.11823092791926712,0.10044152618081797,114.0,4.3593365717242705e-07,0.00010070067480683065,True,rimone_fl_finetuned,rimone_fl_finetuned
rimone_fl_finetuned,sk_g1020,0.8006919168907664,0.8649221023787623,0.8455222547054291,0.8838224112987518,0.11823092791926712,0.07022864809220773,122.0,8.057479874423734e-07,0.00018612778509918826,True,sk_g1020,sk_g1020
rimone_fl_finetuned,sk_magrabi,0.8006919168907664,0.8928083246168883,0.8455222547054291,0.9062725305557251,0.11823092791926712,0.05530864174652234,97.0,1.0766410696305684e-07,2.487040870846613e-05,True,sk_magrabi,sk_magrabi
rimone_fl_finetuned,sk_messidor,0.8006919168907664,0.9275075741436171,0.8455222547054291,0.940833479166031,0.11823092791926712,0.03804024225405578,10.0,1.2221335055073723e-12,2.82312839772203e-10,True,sk_messidor,sk_messidor
rimone_fl_finetuned,sk_origa,0.8006919168907664,0.8925439054551332,0.8455222547054291,0.9017060995101929,0.11823092791926712,0.05095620036686623,122.0,8.057479874423734e-07,0.00018612778509918826,True,sk_origa,sk_origa
rimone_fl_finetuned,sk_refuge,0.8006919168907664,0.8811288294584855,0.8455222547054291,0.9009238183498383,0.11823092791926712,0.05372905878400706,64.0,4.483439397517941e-09,1.0356745008266444e-06,True,sk_refuge,sk_refuge
rimone_fl_finetuned,sk_rimone,0.8006919168907664,0.785621214819991,0.8455222547054291,0.827670156955719,0.11823092791926712,0.1337560676391044,406.0,0.14433974137008931,1.0,False,rimone_fl_finetuned,None
rimone_fl_finetuned,unweightedglobalevalwithlocaltraining,0.8006919168907664,0.9172064804512522,0.8455222547054291,0.9293437898159026,0.11823092791926712,0.05099156080796197,18.0,7.190692485892214e-12,1.6610499642411014e-09,True,unweightedglobalevalwithlocaltraining,unweightedglobalevalwithlocaltraining
sk_binrushed,sk_chaksu,0.888507771751155,0.860086176706397,0.9088040292263031,0.8744336068630219,0.060135406571657946,0.05325826961211892,269.0,0.002505114898951888,0.5786815416578861,False,sk_binrushed,None
sk_binrushed,sk_drishti,0.888507771751155,0.6759476804214976,0.9088040292263031,0.665580689907074,0.060135406571657946,0.10044152618081797,12.0,1.9895196601282805e-12,4.595790414896328e-10,True,sk_binrushed,sk_binrushed
sk_binrushed,sk_g1020,0.888507771751155,0.8649221023787623,0.9088040292263031,0.8838224112987518,0.060135406571657946,0.07022864809220773,227.0,0.00041174680572453326,0.09511351212236718,False,sk_binrushed,None
sk_binrushed,sk_magrabi,0.888507771751155,0.8928083246168883,0.9088040292263031,0.9062725305557251,0.060135406571657946,0.05530864174652234,497.0,0.6415382537348648,1.0,False,sk_magrabi,None
sk_binrushed,sk_messidor,0.888507771751155,0.9275075741436171,0.9088040292263031,0.940833479166031,0.060135406571657946,0.03804024225405578,44.0,4.2089709495485295e-10,9.722722893457103e-08,True,sk_messidor,sk_messidor
sk_binrushed,sk_origa,0.888507771751155,0.8925439054551332,0.9088040292263031,0.9017060995101929,0.060135406571657946,0.05095620036686623,535.0,0.9568583652054201,1.0,False,sk_origa,None
sk_binrushed,sk_refuge,0.888507771751155,0.8811288294584855,0.9088040292263031,0.9009238183498383,0.060135406571657946,0.05372905878400706,406.0,0.14433974137008931,1.0,False,sk_binrushed,None
sk_binrushed,sk_rimone,0.888507771751155,0.785621214819991,0.9088040292263031,0.827670156955719,0.060135406571657946,0.1337560676391044,71.0,9.368875453219516e-09,2.1642102296937082e-06,True,sk_binrushed,sk_binrushed
sk_binrushed,unweightedglobalevalwithlocaltraining,0.888507771751155,0.9172064804512522,0.9088040292263031,0.9293437898159026,0.060135406571657946,0.05099156080796197,120.0,6.927172080395394e-07,0.0001600176750571336,True,unweightedglobalevalwithlocaltraining,unweightedglobalevalwithlocaltraining
sk_chaksu,sk_drishti,0.860086176706397,0.6759476804214976,0.8744336068630219,0.665580689907074,0.05325826961211892,0.10044152618081797,3.0,1.4210854715202004e-13,3.282707439211663e-11,True,sk_chaksu,sk_chaksu
sk_chaksu,sk_g1020,0.860086176706397,0.8649221023787623,0.8744336068630219,0.8838224112987518,0.05325826961211892,0.07022864809220773,481.0,0.522711255983694,1.0,False,sk_g1020,None
sk_chaksu,sk_magrabi,0.860086176706397,0.8928083246168883,0.8744336068630219,0.9062725305557251,0.05325826961211892,0.05530864174652234,153.0,6.982963071777704e-06,0.0016130644695806495,True,sk_magrabi,sk_magrabi
sk_chaksu,sk_messidor,0.860086176706397,0.9275075741436171,0.8744336068630219,0.940833479166031,0.05325826961211892,0.03804024225405578,14.0,3.126388037344441e-12,7.221956366265658e-10,True,sk_messidor,sk_messidor
sk_chaksu,sk_origa,0.860086176706397,0.8925439054551332,0.8744336068630219,0.9017060995101929,0.05325826961211892,0.05095620036686623,83.0,3.0461023925454356e-08,7.036496526779956e-06,True,sk_origa,sk_origa
sk_chaksu,sk_refuge,0.860086176706397,0.8811288294584855,0.8744336068630219,0.9009238183498383,0.05325826961211892,0.05372905878400706,345.0,0.032221349952692435,1.0,False,sk_refuge,None
sk_chaksu,sk_rimone,0.860086176706397,0.785621214819991,0.8744336068630219,0.827670156955719,0.05325826961211892,0.1337560676391044,260.0,0.0017462899088798167,0.40339296895123766,False,sk_chaksu,None
sk_chaksu,unweightedglobalevalwithlocaltraining,0.860086176706397,0.9172064804512522,0.8744336068630219,0.9293437898159026,0.05325826961211892,0.05099156080796197,88.0,4.843332135351375e-08,1.1188097232661676e-05,True,unweightedglobalevalwithlocaltraining,unweightedglobalevalwithlocaltraining
sk_drishti,sk_g1020,0.6759476804214976,0.8649221023787623,0.665580689907074,0.8838224112987518,0.10044152618081797,0.07022864809220773,25.0,2.5693225325085223e-11,5.9351350500946864e-09,True,sk_g1020,sk_g1020
sk_drishti,sk_magrabi,0.6759476804214976,0.8928083246168883,0.665580689907074,0.9062725305557251,0.10044152618081797,0.05530864174652234,2.0,8.526512829121202e-14,1.9696244635269977e-11,True,sk_magrabi,sk_magrabi
sk_drishti,sk_messidor,0.6759476804214976,0.9275075741436171,0.665580689907074,0.940833479166031,0.10044152618081797,0.03804024225405578,0.0,2.842170943040401e-14,6.565414878423326e-12,True,sk_messidor,sk_messidor
sk_drishti,sk_origa,0.6759476804214976,0.8925439054551332,0.665580689907074,0.9017060995101929,0.10044152618081797,0.05095620036686623,0.0,2.842170943040401e-14,6.565414878423326e-12,True,sk_origa,sk_origa
sk_drishti,sk_refuge,0.6759476804214976,0.8811288294584855,0.665580689907074,0.9009238183498383,0.10044152618081797,0.05372905878400706,9.0,9.379164112033322e-13,2.1665869098796975e-10,True,sk_refuge,sk_refuge
sk_drishti,sk_rimone,0.6759476804214976,0.785621214819991,0.665580689907074,0.827670156955719,0.10044152618081797,0.1337560676391044,155.0,7.941303096004049e-06,0.0018344410151769353,True,sk_rimone,sk_rimone
sk_drishti,unweightedglobalevalwithlocaltraining,0.6759476804214976,0.9172064804512522,0.665580689907074,0.9293437898159026,0.10044152618081797,0.05099156080796197,3.0,1.4210854715202004e-13,3.282707439211663e-11,True,unweightedglobalevalwithlocaltraining,unweightedglobalevalwithlocaltraining
sk_g1020,sk_magrabi,0.8649221023787623,0.8928083246168883,0.8838224112987518,0.9062725305557251,0.07022864809220773,0.05530864174652234,254.0,0.0013624865210886128,0.31473438637146955,False,sk_magrabi,None
sk_g1020,sk_messidor,0.8649221023787623,0.9275075741436171,0.8838224112987518,0.940833479166031,0.07022864809220773,0.03804024225405578,12.0,1.9895196601282805e-12,4.595790414896328e-10,True,sk_messidor,sk_messidor
sk_g1020,sk_origa,0.8649221023787623,0.8925439054551332,0.8838224112987518,0.9017060995101929,0.07022864809220773,0.05095620036686623,325.0,0.01781464779898556,1.0,False,sk_origa,None
sk_g1020,sk_refuge,0.8649221023787623,0.8811288294584855,0.8838224112987518,0.9009238183498383,0.07022864809220773,0.05372905878400706,296.0,0.0068391683384732005,1.0,False,sk_refuge,None
sk_g1020,sk_rimone,0.8649221023787623,0.785621214819991,0.8838224112987518,0.827670156955719,0.07022864809220773,0.1337560676391044,69.0,7.620457154189353e-09,1.7603256026177405e-06,True,sk_g1020,sk_g1020
sk_g1020,unweightedglobalevalwithlocaltraining,0.8649221023787623,0.9172064804512522,0.8838224112987518,0.9293437898159026,0.07022864809220773,0.05099156080796197,10.0,1.2221335055073723e-12,2.82312839772203e-10,True,unweightedglobalevalwithlocaltraining,unweightedglobalevalwithlocaltraining
sk_magrabi,sk_messidor,0.8928083246168883,0.9275075741436171,0.9062725305557251,0.940833479166031,0.05530864174652234,0.03804024225405578,47.0,6.181721801112872e-10,1.4279777360570733e-07,True,sk_messidor,sk_messidor
sk_magrabi,sk_origa,0.8928083246168883,0.8925439054551332,0.9062725305557251,0.9017060995101929,0.05530864174652234,0.05095620036686623,497.0,0.6415382537348648,1.0,False,sk_magrabi,None
sk_magrabi,sk_refuge,0.8928083246168883,0.8811288294584855,0.9062725305557251,0.9009238183498383,0.05530864174652234,0.05372905878400706,352.0,0.03916136934674341,1.0,False,sk_magrabi,None
sk_magrabi,sk_rimone,0.8928083246168883,0.785621214819991,0.9062725305557251,0.827670156955719,0.05530864174652234,0.1337560676391044,61.0,3.2279672268487047e-09,7.456604294020508e-07,True,sk_magrabi,sk_magrabi
sk_magrabi,unweightedglobalevalwithlocaltraining,0.8928083246168883,0.9172064804512522,0.9062725305557251,0.9293437898159026,0.05530864174652234,0.05099156080796197,191.0,6.664765118102878e-05,0.015395607422817648,True,unweightedglobalevalwithlocaltraining,unweightedglobalevalwithlocaltraining
sk_messidor,sk_origa,0.9275075741436171,0.8925439054551332,0.940833479166031,0.9017060995101929,0.03804024225405578,0.05095620036686623,72.0,1.0376368209108477e-08,2.3969410563040583e-06,True,sk_messidor,sk_messidor
sk_messidor,sk_refuge,0.9275075741436171,0.8811288294584855,0.940833479166031,0.9009238183498383,0.03804024225405578,0.05372905878400706,18.0,7.190692485892214e-12,1.6610499642411014e-09,True,sk_messidor,sk_messidor
sk_messidor,sk_rimone,0.9275075741436171,0.785621214819991,0.940833479166031,0.827670156955719,0.03804024225405578,0.1337560676391044,22.0,1.5234036254696548e-11,3.5190623748349026e-09,True,sk_messidor,sk_messidor
sk_messidor,unweightedglobalevalwithlocaltraining,0.9275075741436171,0.9172064804512522,0.940833479166031,0.9293437898159026,0.03804024225405578,0.05099156080796197,371.0,0.06446943740272104,1.0,False,sk_messidor,None
sk_origa,sk_refuge,0.8925439054551332,0.8811288294584855,0.9017060995101929,0.9009238183498383,0.05095620036686623,0.05372905878400706,411.0,0.16013347692305047,1.0,False,sk_origa,None
sk_origa,sk_rimone,0.8925439054551332,0.785621214819991,0.9017060995101929,0.827670156955719,0.05095620036686623,0.1337560676391044,114.0,4.3593365717242705e-07,0.00010070067480683065,True,sk_origa,sk_origa
sk_origa,unweightedglobalevalwithlocaltraining,0.8925439054551332,0.9172064804512522,0.9017060995101929,0.9293437898159026,0.05095620036686623,0.05099156080796197,194.0,7.841444559630872e-05,0.018113736932747315,True,unweightedglobalevalwithlocaltraining,unweightedglobalevalwithlocaltraining
sk_refuge,sk_rimone,0.8811288294584855,0.785621214819991,0.9009238183498383,0.827670156955719,0.05372905878400706,0.1337560676391044,69.0,7.620457154189353e-09,1.7603256026177405e-06,True,sk_refuge,sk_refuge
sk_refuge,unweightedglobalevalwithlocaltraining,0.8811288294584855,0.9172064804512522,0.9009238183498383,0.9293437898159026,0.05372905878400706,0.05099156080796197,30.0,5.7838178690872155e-11,1.3360619277591468e-08,True,unweightedglobalevalwithlocaltraining,unweightedglobalevalwithlocaltraining
sk_rimone,unweightedglobalevalwithlocaltraining,0.785621214819991,0.9172064804512522,0.827670156955719,0.9293437898159026,0.1337560676391044,0.05099156080796197,33.0,9.131895239988808e-11,2.1094678004374146e-08,True,unweightedglobalevalwithlocaltraining,unweightedglobalevalwithlocaltraining
